,Raices,Cotas,Orden de convergencia
0,8.499891145659735,0.03660613192261053,0.0
1,8.499999999477213,1.582072854944272e-07,0.0
2,8.499999999477213,0.0,2.0867424950672153
