,Raices,Cotas,Orden de convergencia,constante asintotica
0,8.499891145659735,0.03660613192261053,0.0,0.09771493730999212
1,8.499999999477213,1.582072854944272e-07,0.0,0.09771493730999212
2,8.499999999477213,0.0,2.0867424950672153,0.09771493730999212
