,Raices,Cotas,Orden de convergencia,constante asintotica
0,4.498866191570306,2.823243273234482,0.0,0.21115477917937936
1,4.498822306329537,0.002481731387263153,0.0,0.21115477917937936
2,4.49882230630291,1.5057821656228043e-09,2.580747306135488,0.21115477917937936
3,4.498822306302909,5.684341886080802e-14,2.0341452829671782,0.21115477917937936
