,Raices,Cotas,Orden de convergencia,constante asintotica
0,4.548827344610351,42.106487511697054,0.0,0.0
1,4.498866191570307,2.823243273236926,0.0,0.0
2,4.498822306329538,0.0024817313872063096,0.0,4.388524076848199e-05
3,4.498822306302909,1.5059242741699563e-09,2.0341358037987916,2.6629365379449155e-11
4,4.49882230630291,5.684341886080802e-14,0.7201047261957572,2.6629365379449155e-11
