,Raices,Cotas,Orden de convergencia,constante asintotica
0,4.498810182437059,1.749552669295582,0.0,0.22600634006346856
1,4.498822306300878,0.000685610837308559,0.0,0.22600634006346856
2,4.49882230630291,1.149373929365538e-10,2.3717617093794585,0.22600634006346856
3,4.498822306302909,5.684341886080802e-14,1.9889458351776148,0.22600634006346856
