,Raices,Cotas,Orden de convergencia,constante asintotica
0,4.46788499011558,46.68245079806158,3.2561733618969835,0.0
1,4.498810182437059,1.749552669295582,3.2561733618969835,0.0
2,4.498822306300878,0.000685610837308559,3.2561733618969835,0.9987241867758727
3,4.49882230630291,1.149373929365538e-10,3.2561733618969835,20723.985943023934
4,4.498822306302909,5.684341886080802e-14,2.3781530061468272,20723.985943023934
