,Raices,Cotas,Orden de convergencia,constante asintotica
0,4.498810182437059,1.749552669295582,0.0,0.0
1,4.498822306300878,0.000685610837308559,2.3717617093794585,0.04662168239468091
2,4.49882230630291,1.149373929365538e-10,1.9889458351776148,0.012189598374842953
3,4.498822306302909,5.684341886080802e-14,0.49581055096900556,0.012193767092412032
