,Raices,Cotas,Orden de convergencia,constante asintotica
0,4.428571428482471,10.97360471494028,0.0,0.26542466489698296
1,4.498951495725492,3.9835236792823707,0.0,0.26542466489698296
2,4.498822419871448,0.007299292755192255,0.3202720536760733,0.26542466489698296
3,4.498822306302707,6.4223705180666e-06,6.207154045683804,0.26542466489698296
4,4.498822306302909,1.1368683772161603e-11,1.116561054286464,0.26542466489698296
5,4.49882230630291,5.684341886080802e-14,1.8820391143796604,0.26542466489698296
