,Raices,Cotas,Orden de convergencia,constante asintotica
0,4.428571428482471,10.97360471494028,0.0,0.0
1,4.498951495725492,3.9835236792823707,0.3202720536760733,0.007314936697081291
2,4.498822419871448,0.007299292755192255,6.207154045683804,3.5724683434707707
3,4.498822306302707,6.4223705180666e-06,1.116561054286464,0.019136982780351555
4,4.498822306302909,1.1368683772161603e-11,1.8820391143796604,2.3663610638720787
5,4.49882230630291,5.684341886080802e-14,0.4096914192834348,2.3807351114328283
