,Raices,Cotas,Orden de convergencia,constante asintotica
0,4.6228070173499995,139.6768685139639,6.207154045683804,2.7703688544151205e-20
1,4.428571428482471,10.97360471494028,6.207154045683804,1.0811221945383368e-19
2,4.498951495725492,3.9835236792823707,6.207154045683804,6.553702658631078e-20
3,4.498822419871448,0.007299292755192255,1.116561054286464,1.6183382076077013
4,4.498822306302707,6.4223705180666e-06,1.8820391143796604,0.001963563041981597
5,4.498822306302909,1.1368683772161603e-11,0.4096914192834348,797.682092949861
6,4.49882230630291,5.684341886080802e-14,0.4096914192834348,797.682092949861
